transaction_id,account_id,booking_date,amount_cents,currency,counterparty,description,category
cust_sofie09_tx00001,acc_sofie09_current,2025-10-01,-101500,EUR,E. Willems,Huur,housing_rent
cust_sofie09_tx00002,acc_sofie09_current,2025-10-02,35000,EUR,K. Vermeulen,Bijdrage huishouden,income_transfer_household
cust_sofie09_tx00003,acc_sofie09_current,2025-10-03,-2561,EUR,Coolblue,Online aankoop,shopping_online
cust_sofie09_tx00004,acc_sofie09_current,2025-10-03,-25700,EUR,Synthetic Auto Finance,Aflossing autolening,loan_repayment
cust_sofie09_tx00005,acc_sofie09_current,2025-10-04,-6400,EUR,Sportclub,Lidgeld kind 1,kids_activities
cust_sofie09_tx00006,acc_sofie09_current,2025-10-04,-13901,EUR,Aldi,Betaling Bancontact,groceries
cust_sofie09_tx00007,acc_sofie09_current,2025-10-05,-3813,EUR,Frituur 't Pleintje,Betaling Bancontact,eating_out
cust_sofie09_tx00008,acc_sofie09_current,2025-10-06,-1399,EUR,Netflix,Netflix abonnement,subscription_streaming
cust_sofie09_tx00009,acc_sofie09_current,2025-10-08,-1396,EUR,HEMA,Betaling Bancontact,shopping_household
cust_sofie09_tx00010,acc_sofie09_current,2025-10-08,-9210,EUR,Synthetic Verzekeringen,Familiale + auto verzekering,insurance
cust_sofie09_tx00011,acc_sofie09_current,2025-10-09,-5920,EUR,TotalEnergies,Brandstof,transport_fuel
cust_sofie09_tx00012,acc_sofie09_current,2025-10-10,41237,EUR,FONS,Groeipakket 10/2025 kind 1+2,income_child_benefit
cust_sofie09_tx00013,acc_sofie09_current,2025-10-11,-11877,EUR,Colruyt,Betaling Bancontact,groceries
cust_sofie09_tx00014,acc_sofie09_current,2025-10-12,-16800,EUR,Engie,Voorschot energie,utilities_energy
cust_sofie09_tx00015,acc_sofie09_current,2025-10-14,-10750,EUR,IBO De Knikker,Naschoolse opvang kind 1 10/2025,childcare
cust_sofie09_tx00016,acc_sofie09_current,2025-10-15,-1223,EUR,HEMA,Betaling Bancontact,shopping_household
cust_sofie09_tx00017,acc_sofie09_current,2025-10-15,-7499,EUR,Proximus,Internet + mobiel,utilities_telecom
cust_sofie09_tx00018,acc_sofie09_current,2025-10-16,-6182,EUR,TotalEnergies,Brandstof,transport_fuel
cust_sofie09_tx00019,acc_sofie09_current,2025-10-18,-5693,EUR,JBC,Betaling Bancontact,shopping_clothing
cust_sofie09_tx00020,acc_sofie09_current,2025-10-18,-10688,EUR,Delhaize,Betaling Bancontact,groceries
cust_sofie09_tx00021,acc_sofie09_current,2025-10-22,-3425,EUR,HEMA,Betaling Bancontact,shopping_household
cust_sofie09_tx00022,acc_sofie09_current,2025-10-24,-5703,EUR,Bol.com,Online aankoop,shopping_online
cust_sofie09_tx00023,acc_sofie09_current,2025-10-25,-15231,EUR,Colruyt,Betaling Bancontact,groceries
cust_sofie09_tx00024,acc_sofie09_current,2025-10-28,273000,EUR,Noordzee Foods NV,Loon 2025-10,income_salary
cust_sofie09_tx00025,acc_sofie09_current,2025-10-29,-2280,EUR,Action,Betaling Bancontact,shopping_household
cust_sofie09_tx00026,acc_sofie09_current,2025-10-31,-6066,EUR,Bol.com,Online aankoop,shopping_online
cust_sofie09_tx00027,acc_sofie09_current,2025-11-01,-12100,EUR,Delhaize,Betaling Bancontact,groceries
cust_sofie09_tx00028,acc_sofie09_current,2025-11-01,-101500,EUR,E. Willems,Huur,housing_rent
cust_sofie09_tx00029,acc_sofie09_current,2025-11-02,35000,EUR,K. Vermeulen,Bijdrage huishouden,income_transfer_household
cust_sofie09_tx00030,acc_sofie09_current,2025-11-03,-25700,EUR,Synthetic Auto Finance,Aflossing autolening,loan_repayment
cust_sofie09_tx00031,acc_sofie09_current,2025-11-04,-4500,EUR,Sportclub,Lidgeld kind 1,kids_activities
cust_sofie09_tx00032,acc_sofie09_current,2025-11-05,-3692,EUR,Kruidvat,Betaling Bancontact,shopping_household
cust_sofie09_tx00033,acc_sofie09_current,2025-11-06,-1399,EUR,Netflix,Netflix abonnement,subscription_streaming
cust_sofie09_tx00034,acc_sofie09_current,2025-11-08,-9210,EUR,Synthetic Verzekeringen,Familiale + auto verzekering,insurance
cust_sofie09_tx00035,acc_sofie09_current,2025-11-08,-12094,EUR,Colruyt,Betaling Bancontact,groceries
cust_sofie09_tx00036,acc_sofie09_current,2025-11-10,41237,EUR,FONS,Groeipakket 11/2025 kind 1+2,income_child_benefit
cust_sofie09_tx00037,acc_sofie09_current,2025-11-12,-3672,EUR,HEMA,Betaling Bancontact,shopping_household
cust_sofie09_tx00038,acc_sofie09_current,2025-11-12,-17900,EUR,Engie,Voorschot energie,utilities_energy
cust_sofie09_tx00039,acc_sofie09_current,2025-11-13,-4514,EUR,TotalEnergies,Brandstof,transport_fuel
cust_sofie09_tx00040,acc_sofie09_current,2025-11-14,-10750,EUR,IBO De Knikker,Naschoolse opvang kind 1 11/2025,childcare
cust_sofie09_tx00041,acc_sofie09_current,2025-11-15,-7499,EUR,Proximus,Internet + mobiel,utilities_telecom
cust_sofie09_tx00042,acc_sofie09_current,2025-11-15,-11107,EUR,Colruyt,Betaling Bancontact,groceries
cust_sofie09_tx00043,acc_sofie09_current,2025-11-18,-9249,EUR,Zeeman,Betaling Bancontact,shopping_clothing
cust_sofie09_tx00044,acc_sofie09_current,2025-11-19,-3207,EUR,Kruidvat,Betaling Bancontact,shopping_household
cust_sofie09_tx00045,acc_sofie09_current,2025-11-20,-5721,EUR,Q8,Brandstof,transport_fuel
cust_sofie09_tx00046,acc_sofie09_current,2025-11-21,-6840,EUR,Coolblue,Online aankoop,shopping_online
cust_sofie09_tx00047,acc_sofie09_current,2025-11-22,-15441,EUR,Delhaize,Betaling Bancontact,groceries
cust_sofie09_tx00048,acc_sofie09_current,2025-11-23,-3247,EUR,Pizzeria Da Mario,Betaling Bancontact,eating_out
cust_sofie09_tx00049,acc_sofie09_current,2025-11-26,-3666,EUR,Action,Betaling Bancontact,shopping_household
cust_sofie09_tx00050,acc_sofie09_current,2025-11-27,-5001,EUR,Q8,Brandstof,transport_fuel
cust_sofie09_tx00051,acc_sofie09_current,2025-11-28,273000,EUR,Noordzee Foods NV,Loon 2025-11,income_salary
cust_sofie09_tx00052,acc_sofie09_current,2025-11-28,-6548,EUR,Coolblue,Online aankoop,shopping_online
cust_sofie09_tx00053,acc_sofie09_current,2025-11-28,-10000,EUR,Sofie Hermans,Naar spaarrekening,transfer_internal
cust_sofie09_tx00054,acc_sofie09_savings,2025-11-28,10000,EUR,Sofie Hermans,Van zichtrekening,transfer_internal
cust_sofie09_tx00055,acc_sofie09_current,2025-11-29,-13980,EUR,Colruyt,Betaling Bancontact,groceries
cust_sofie09_tx00056,acc_sofie09_current,2025-12-01,-101500,EUR,E. Willems,Huur,housing_rent
cust_sofie09_tx00057,acc_sofie09_current,2025-12-02,35000,EUR,K. Vermeulen,Bijdrage huishouden,income_transfer_household
cust_sofie09_tx00058,acc_sofie09_current,2025-12-03,-2085,EUR,HEMA,Betaling Bancontact,shopping_household
cust_sofie09_tx00059,acc_sofie09_current,2025-12-03,-25700,EUR,Synthetic Auto Finance,Aflossing autolening,loan_repayment
cust_sofie09_tx00060,acc_sofie09_current,2025-12-04,-4500,EUR,Sportclub,Lidgeld kind 1,kids_activities
cust_sofie09_tx00061,acc_sofie09_current,2025-12-04,-4789,EUR,Q8,Brandstof,transport_fuel
cust_sofie09_tx00062,acc_sofie09_current,2025-12-05,-5775,EUR,Coolblue,Online aankoop,shopping_online
cust_sofie09_tx00063,acc_sofie09_current,2025-12-06,-1399,EUR,Netflix,Netflix abonnement,subscription_streaming
cust_sofie09_tx00064,acc_sofie09_current,2025-12-06,-13154,EUR,Aldi,Betaling Bancontact,groceries
cust_sofie09_tx00065,acc_sofie09_current,2025-12-08,-9210,EUR,Synthetic Verzekeringen,Familiale + auto verzekering,insurance
cust_sofie09_tx00066,acc_sofie09_current,2025-12-10,41237,EUR,FONS,Groeipakket 12/2025 kind 1+2,income_child_benefit
cust_sofie09_tx00067,acc_sofie09_current,2025-12-12,-17900,EUR,Engie,Voorschot energie,utilities_energy
cust_sofie09_tx00068,acc_sofie09_current,2025-12-13,-12748,EUR,Colruyt,Betaling Bancontact,groceries
cust_sofie09_tx00069,acc_sofie09_current,2025-12-14,-10750,EUR,IBO De Knikker,Naschoolse opvang kind 1 12/2025,childcare
cust_sofie09_tx00070,acc_sofie09_current,2025-12-15,-7499,EUR,Proximus,Internet + mobiel,utilities_telecom
cust_sofie09_tx00071,acc_sofie09_current,2025-12-18,-6522,EUR,TotalEnergies,Brandstof,transport_fuel
cust_sofie09_tx00072,acc_sofie09_current,2025-12-18,-12118,EUR,JBC,Betaling Bancontact,shopping_clothing
cust_sofie09_tx00073,acc_sofie09_current,2025-12-19,-4958,EUR,Coolblue,Online aankoop,shopping_online
cust_sofie09_tx00074,acc_sofie09_current,2025-12-20,-6120,EUR,De Watergroep,Water voorschot,utilities_water
cust_sofie09_tx00075,acc_sofie09_current,2025-12-20,-13777,EUR,Colruyt,Betaling Bancontact,groceries
cust_sofie09_tx00076,acc_sofie09_current,2025-12-21,-4976,EUR,Frituur 't Pleintje,Betaling Bancontact,eating_out
cust_sofie09_tx00077,acc_sofie09_current,2025-12-24,-1977,EUR,Action,Betaling Bancontact,shopping_household
cust_sofie09_tx00078,acc_sofie09_current,2025-12-27,-13788,EUR,Delhaize,Betaling Bancontact,groceries
cust_sofie09_tx00079,acc_sofie09_current,2025-12-28,273000,EUR,Noordzee Foods NV,Loon 2025-12,income_salary
cust_sofie09_tx00080,acc_sofie09_current,2025-12-28,-55000,EUR,Sofie Hermans,Naar spaarrekening,transfer_internal
cust_sofie09_tx00081,acc_sofie09_savings,2025-12-28,55000,EUR,Sofie Hermans,Van zichtrekening,transfer_internal
cust_sofie09_tx00082,acc_sofie09_current,2025-12-31,-3523,EUR,Kruidvat,Betaling Bancontact,shopping_household
cust_sofie09_tx00083,acc_sofie09_current,2026-01-01,-101500,EUR,E. Willems,Huur,housing_rent
cust_sofie09_tx00084,acc_sofie09_current,2026-01-02,35000,EUR,K. Vermeulen,Bijdrage huishouden,income_transfer_household
cust_sofie09_tx00085,acc_sofie09_current,2026-01-03,-15358,EUR,Colruyt,Betaling Bancontact,groceries
cust_sofie09_tx00086,acc_sofie09_current,2026-01-03,-25700,EUR,Synthetic Auto Finance,Aflossing autolening,loan_repayment
cust_sofie09_tx00087,acc_sofie09_current,2026-01-04,-7500,EUR,Sportclub,Lidgeld kind 1,kids_activities
cust_sofie09_tx00088,acc_sofie09_current,2026-01-06,-1399,EUR,Netflix,Netflix abonnement,subscription_streaming
cust_sofie09_tx00089,acc_sofie09_current,2026-01-07,-2032,EUR,Kruidvat,Betaling Bancontact,shopping_household
cust_sofie09_tx00090,acc_sofie09_current,2026-01-08,-9210,EUR,Synthetic Verzekeringen,Familiale + auto verzekering,insurance
cust_sofie09_tx00091,acc_sofie09_current,2026-01-09,-5574,EUR,Bol.com,Online aankoop,shopping_online
cust_sofie09_tx00092,acc_sofie09_current,2026-01-10,41237,EUR,FONS,Groeipakket 01/2026 kind 1+2,income_child_benefit
cust_sofie09_tx00093,acc_sofie09_current,2026-01-10,-10838,EUR,Aldi,Betaling Bancontact,groceries
cust_sofie09_tx00094,acc_sofie09_current,2026-01-12,-15500,EUR,Engie,Voorschot energie,utilities_energy
cust_sofie09_tx00095,acc_sofie09_current,2026-01-14,-1156,EUR,Action,Betaling Bancontact,shopping_household
cust_sofie09_tx00096,acc_sofie09_current,2026-01-14,-10750,EUR,IBO De Knikker,Naschoolse opvang kind 1 01/2026,childcare
cust_sofie09_tx00097,acc_sofie09_current,2026-01-15,-7499,EUR,Proximus,Internet + mobiel,utilities_telecom
cust_sofie09_tx00098,acc_sofie09_current,2026-01-17,-13834,EUR,Aldi,Betaling Bancontact,groceries
cust_sofie09_tx00099,acc_sofie09_current,2026-01-18,-7864,EUR,Zeeman,Betaling Bancontact,shopping_clothing
cust_sofie09_tx00100,acc_sofie09_current,2026-01-21,-2305,EUR,Action,Betaling Bancontact,shopping_household
cust_sofie09_tx00101,acc_sofie09_current,2026-01-24,-11778,EUR,Aldi,Betaling Bancontact,groceries
cust_sofie09_tx00102,acc_sofie09_current,2026-01-25,-3114,EUR,Bakkerij Moens,Betaling Bancontact,eating_out
cust_sofie09_tx00103,acc_sofie09_current,2026-01-28,273000,EUR,Noordzee Foods NV,Loon 2026-01,income_salary
cust_sofie09_tx00104,acc_sofie09_current,2026-01-28,-2106,EUR,HEMA,Betaling Bancontact,shopping_household
cust_sofie09_tx00105,acc_sofie09_current,2026-01-28,-90000,EUR,Sofie Hermans,Naar spaarrekening,transfer_internal
cust_sofie09_tx00106,acc_sofie09_savings,2026-01-28,90000,EUR,Sofie Hermans,Van zichtrekening,transfer_internal
cust_sofie09_tx00107,acc_sofie09_current,2026-01-30,-2283,EUR,Zalando,Online aankoop,shopping_online
cust_sofie09_tx00108,acc_sofie09_current,2026-01-31,-13172,EUR,Aldi,Betaling Bancontact,groceries
cust_sofie09_tx00109,acc_sofie09_current,2026-02-01,-101500,EUR,E. Willems,Huur,housing_rent
cust_sofie09_tx00110,acc_sofie09_current,2026-02-02,35000,EUR,K. Vermeulen,Bijdrage huishouden,income_transfer_household
cust_sofie09_tx00111,acc_sofie09_savings,2026-02-02,3540000,EUR,Ouders,Schenking,income_gift
cust_sofie09_tx00112,acc_sofie09_current,2026-02-03,-25700,EUR,Synthetic Auto Finance,Aflossing autolening,loan_repayment
cust_sofie09_tx00113,acc_sofie09_current,2026-02-04,-2628,EUR,Action,Betaling Bancontact,shopping_household
cust_sofie09_tx00114,acc_sofie09_current,2026-02-04,-6400,EUR,Sportclub,Lidgeld kind 1,kids_activities
cust_sofie09_tx00115,acc_sofie09_current,2026-02-06,-1399,EUR,Netflix,Netflix abonnement,subscription_streaming
cust_sofie09_tx00116,acc_sofie09_current,2026-02-06,-4476,EUR,Bol.com,Online aankoop,shopping_online
cust_sofie09_tx00117,acc_sofie09_current,2026-02-07,-14287,EUR,Aldi,Betaling Bancontact,groceries
cust_sofie09_tx00118,acc_sofie09_current,2026-02-08,-9210,EUR,Synthetic Verzekeringen,Familiale + auto verzekering,insurance
cust_sofie09_tx00119,acc_sofie09_current,2026-02-10,41237,EUR,FONS,Groeipakket 02/2026 kind 1+2,income_child_benefit
cust_sofie09_tx00120,acc_sofie09_current,2026-02-11,-3724,EUR,HEMA,Betaling Bancontact,shopping_household
cust_sofie09_tx00121,acc_sofie09_current,2026-02-12,-6380,EUR,Q8,Brandstof,transport_fuel
cust_sofie09_tx00122,acc_sofie09_current,2026-02-12,-16800,EUR,Engie,Voorschot energie,utilities_energy
cust_sofie09_tx00123,acc_sofie09_current,2026-02-14,-10750,EUR,IBO De Knikker,Naschoolse opvang kind 1 02/2026,childcare
cust_sofie09_tx00124,acc_sofie09_current,2026-02-14,-11452,EUR,Delhaize,Betaling Bancontact,groceries
cust_sofie09_tx00125,acc_sofie09_current,2026-02-15,-3205,EUR,Bakkerij Moens,Betaling Bancontact,eating_out
cust_sofie09_tx00126,acc_sofie09_current,2026-02-15,-7499,EUR,Proximus,Internet + mobiel,utilities_telecom
cust_sofie09_tx00127,acc_sofie09_savings,2026-02-17,-1770000,EUR,Notaris Vandamme,Voorschot compromis,housing_purchase
cust_sofie09_tx00128,acc_sofie09_current,2026-02-18,-10770,EUR,H&M,Betaling Bancontact,shopping_clothing
cust_sofie09_tx00129,acc_sofie09_current,2026-02-19,-4571,EUR,Q8,Brandstof,transport_fuel
cust_sofie09_tx00130,acc_sofie09_current,2026-02-20,-6575,EUR,Bol.com,Online aankoop,shopping_online
cust_sofie09_tx00131,acc_sofie09_current,2026-02-21,-15195,EUR,Colruyt,Betaling Bancontact,groceries
cust_sofie09_tx00132,acc_sofie09_current,2026-02-22,-4036,EUR,Pizzeria Da Mario,Betaling Bancontact,eating_out
cust_sofie09_tx00133,acc_sofie09_current,2026-02-25,-1738,EUR,Kruidvat,Betaling Bancontact,shopping_household
cust_sofie09_tx00134,acc_sofie09_current,2026-02-26,-5080,EUR,Q8,Brandstof,transport_fuel
cust_sofie09_tx00135,acc_sofie09_current,2026-02-28,304500,EUR,Flanders Care vzw,Loon 2026-02,income_salary
cust_sofie09_tx00136,acc_sofie09_current,2026-02-28,-13363,EUR,Delhaize,Betaling Bancontact,groceries
cust_sofie09_tx00137,acc_sofie09_current,2026-02-28,-80000,EUR,Sofie Hermans,Naar spaarrekening,transfer_internal
cust_sofie09_tx00138,acc_sofie09_savings,2026-02-28,80000,EUR,Sofie Hermans,Van zichtrekening,transfer_internal
cust_sofie09_tx00139,acc_sofie09_current,2026-03-01,-101500,EUR,E. Willems,Huur,housing_rent
cust_sofie09_tx00140,acc_sofie09_current,2026-03-02,35000,EUR,K. Vermeulen,Bijdrage huishouden,income_transfer_household
cust_sofie09_tx00141,acc_sofie09_current,2026-03-03,-25700,EUR,Synthetic Auto Finance,Aflossing autolening,loan_repayment
cust_sofie09_tx00142,acc_sofie09_current,2026-03-04,-1377,EUR,Action,Betaling Bancontact,shopping_household
cust_sofie09_tx00143,acc_sofie09_current,2026-03-04,-6400,EUR,Sportclub,Lidgeld kind 1,kids_activities
cust_sofie09_tx00144,acc_sofie09_current,2026-03-06,-1399,EUR,Netflix,Netflix abonnement,subscription_streaming
cust_sofie09_tx00145,acc_sofie09_current,2026-03-07,-15683,EUR,Aldi,Betaling Bancontact,groceries
cust_sofie09_tx00146,acc_sofie09_current,2026-03-08,-9210,EUR,Synthetic Verzekeringen,Familiale + auto verzekering,insurance
cust_sofie09_tx00147,acc_sofie09_current,2026-03-10,41237,EUR,FONS,Groeipakket 03/2026 kind 1+2,income_child_benefit
cust_sofie09_tx00148,acc_sofie09_current,2026-03-11,-1615,EUR,Kruidvat,Betaling Bancontact,shopping_household
cust_sofie09_tx00149,acc_sofie09_current,2026-03-12,-5043,EUR,TotalEnergies,Brandstof,transport_fuel
cust_sofie09_tx00150,acc_sofie09_current,2026-03-12,-15500,EUR,Engie,Voorschot energie,utilities_energy
cust_sofie09_tx00151,acc_sofie09_current,2026-03-13,-2948,EUR,Coolblue,Online aankoop,shopping_online
cust_sofie09_tx00152,acc_sofie09_current,2026-03-14,-10750,EUR,IBO De Knikker,Naschoolse opvang kind 1 03/2026,childcare
cust_sofie09_tx00153,acc_sofie09_current,2026-03-14,-15778,EUR,Colruyt,Betaling Bancontact,groceries
cust_sofie09_tx00154,acc_sofie09_current,2026-03-15,-7499,EUR,Proximus,Internet + mobiel,utilities_telecom
cust_sofie09_tx00155,acc_sofie09_current,2026-03-18,-3396,EUR,Kruidvat,Betaling Bancontact,shopping_household
cust_sofie09_tx00156,acc_sofie09_current,2026-03-18,-8611,EUR,JBC,Betaling Bancontact,shopping_clothing
cust_sofie09_tx00157,acc_sofie09_current,2026-03-19,-5689,EUR,Q8,Brandstof,transport_fuel
cust_sofie09_tx00158,acc_sofie09_current,2026-03-20,-6120,EUR,De Watergroep,Water voorschot,utilities_water
cust_sofie09_tx00159,acc_sofie09_current,2026-03-21,-12121,EUR,Colruyt,Betaling Bancontact,groceries
cust_sofie09_tx00160,acc_sofie09_current,2026-03-25,-3508,EUR,Action,Betaling Bancontact,shopping_household
cust_sofie09_tx00161,acc_sofie09_current,2026-03-28,304500,EUR,Flanders Care vzw,Loon 2026-03,income_salary
cust_sofie09_tx00162,acc_sofie09_current,2026-03-28,-10591,EUR,Delhaize,Betaling Bancontact,groceries
cust_sofie09_tx00163,acc_sofie09_current,2026-03-28,-110000,EUR,Sofie Hermans,Naar spaarrekening,transfer_internal
cust_sofie09_tx00164,acc_sofie09_savings,2026-03-28,110000,EUR,Sofie Hermans,Van zichtrekening,transfer_internal
cust_sofie09_tx00165,acc_sofie09_current,2026-04-01,-1357,EUR,HEMA,Betaling Bancontact,shopping_household
cust_sofie09_tx00166,acc_sofie09_current,2026-04-01,-101500,EUR,E. Willems,Huur,housing_rent
cust_sofie09_tx00167,acc_sofie09_current,2026-04-02,35000,EUR,K. Vermeulen,Bijdrage huishouden,income_transfer_household
cust_sofie09_tx00168,acc_sofie09_current,2026-04-03,-25700,EUR,Synthetic Auto Finance,Aflossing autolening,loan_repayment
cust_sofie09_tx00169,acc_sofie09_current,2026-04-04,-6400,EUR,Sportclub,Lidgeld kind 1,kids_activities
cust_sofie09_tx00170,acc_sofie09_current,2026-04-04,-12491,EUR,Aldi,Betaling Bancontact,groceries
cust_sofie09_tx00171,acc_sofie09_current,2026-04-06,-1399,EUR,Netflix,Netflix abonnement,subscription_streaming
cust_sofie09_tx00172,acc_sofie09_current,2026-04-08,-1252,EUR,HEMA,Betaling Bancontact,shopping_household
cust_sofie09_tx00173,acc_sofie09_current,2026-04-08,-9210,EUR,Synthetic Verzekeringen,Familiale + auto verzekering,insurance
cust_sofie09_tx00174,acc_sofie09_current,2026-04-10,41237,EUR,FONS,Groeipakket 04/2026 kind 1+2,income_child_benefit
cust_sofie09_tx00175,acc_sofie09_current,2026-04-10,-3385,EUR,Zalando,Online aankoop,shopping_online
cust_sofie09_tx00176,acc_sofie09_current,2026-04-11,-10546,EUR,Aldi,Betaling Bancontact,groceries
cust_sofie09_tx00177,acc_sofie09_current,2026-04-12,-16800,EUR,Engie,Voorschot energie,utilities_energy
cust_sofie09_tx00178,acc_sofie09_current,2026-04-14,-10750,EUR,IBO De Knikker,Naschoolse opvang kind 1 04/2026,childcare
cust_sofie09_tx00179,acc_sofie09_current,2026-04-15,-2725,EUR,Action,Betaling Bancontact,shopping_household
cust_sofie09_tx00180,acc_sofie09_current,2026-04-15,-7499,EUR,Proximus,Internet + mobiel,utilities_telecom
cust_sofie09_tx00181,acc_sofie09_current,2026-04-17,-5305,EUR,Bol.com,Online aankoop,shopping_online
cust_sofie09_tx00182,acc_sofie09_current,2026-04-18,-9574,EUR,Zeeman,Betaling Bancontact,shopping_clothing
cust_sofie09_tx00183,acc_sofie09_current,2026-04-18,-12356,EUR,Delhaize,Betaling Bancontact,groceries
cust_sofie09_tx00184,acc_sofie09_savings,2026-04-18,-1416000,EUR,Notaris Vandamme,Registratie- en aktekosten,housing_purchase
cust_sofie09_tx00185,acc_sofie09_savings,2026-04-21,-118328,EUR,Verhuisfirma Snel,Verhuis,housing_moving
cust_sofie09_tx00186,acc_sofie09_current,2026-04-25,-14095,EUR,Aldi,Betaling Bancontact,groceries
cust_sofie09_tx00187,acc_sofie09_savings,2026-04-27,-98776,EUR,IKEA Zaventem,Betaling Bancontact,shopping_furniture
cust_sofie09_tx00188,acc_sofie09_current,2026-04-28,304500,EUR,Flanders Care vzw,Loon 2026-04,income_salary
cust_sofie09_tx00189,acc_sofie09_current,2026-04-28,-130000,EUR,Sofie Hermans,Naar spaarrekening,transfer_internal
cust_sofie09_tx00190,acc_sofie09_savings,2026-04-28,130000,EUR,Sofie Hermans,Van zichtrekening,transfer_internal
cust_sofie09_tx00191,acc_sofie09_current,2026-04-29,-2510,EUR,Kruidvat,Betaling Bancontact,shopping_household
cust_sofie09_tx00192,acc_sofie09_current,2026-04-30,-6846,EUR,TotalEnergies,Brandstof,transport_fuel
cust_sofie09_tx00193,acc_sofie09_current,2026-05-02,35000,EUR,K. Vermeulen,Bijdrage huishouden,income_transfer_household
cust_sofie09_tx00194,acc_sofie09_current,2026-05-02,-11011,EUR,Delhaize,Betaling Bancontact,groceries
cust_sofie09_tx00195,acc_sofie09_current,2026-05-03,-25700,EUR,Synthetic Auto Finance,Aflossing autolening,loan_repayment
cust_sofie09_tx00196,acc_sofie09_current,2026-05-04,-4500,EUR,Sportclub,Lidgeld kind 1,kids_activities
cust_sofie09_tx00197,acc_sofie09_current,2026-05-05,-148680,EUR,Synthetic Bank,Aflossing woonkrediet,housing_mortgage
cust_sofie09_tx00198,acc_sofie09_current,2026-05-06,-1399,EUR,Netflix,Netflix abonnement,subscription_streaming
cust_sofie09_tx00199,acc_sofie09_current,2026-05-06,-1610,EUR,Action,Betaling Bancontact,shopping_household
cust_sofie09_tx00200,acc_sofie09_current,2026-05-07,-6429,EUR,Q8,Brandstof,transport_fuel
cust_sofie09_tx00201,acc_sofie09_current,2026-05-08,-9210,EUR,Synthetic Verzekeringen,Familiale + auto verzekering,insurance
cust_sofie09_tx00202,acc_sofie09_current,2026-05-09,-13185,EUR,Colruyt,Betaling Bancontact,groceries
cust_sofie09_tx00203,acc_sofie09_current,2026-05-10,41237,EUR,FONS,Groeipakket 05/2026 kind 1+2,income_child_benefit
cust_sofie09_tx00204,acc_sofie09_current,2026-05-10,-2087,EUR,Bakkerij Moens,Betaling Bancontact,eating_out
cust_sofie09_tx00205,acc_sofie09_current,2026-05-12,-15500,EUR,Engie,Voorschot energie,utilities_energy
cust_sofie09_tx00206,acc_sofie09_current,2026-05-13,-1819,EUR,Action,Betaling Bancontact,shopping_household
cust_sofie09_tx00207,acc_sofie09_current,2026-05-14,-5339,EUR,TotalEnergies,Brandstof,transport_fuel
cust_sofie09_tx00208,acc_sofie09_current,2026-05-14,-10750,EUR,IBO De Knikker,Naschoolse opvang kind 1 05/2026,childcare
cust_sofie09_tx00209,acc_sofie09_current,2026-05-15,-6361,EUR,Coolblue,Online aankoop,shopping_online
cust_sofie09_tx00210,acc_sofie09_current,2026-05-15,-7499,EUR,Proximus,Internet + mobiel,utilities_telecom
cust_sofie09_tx00211,acc_sofie09_current,2026-05-16,-14327,EUR,Aldi,Betaling Bancontact,groceries
cust_sofie09_tx00212,acc_sofie09_current,2026-05-18,-8054,EUR,JBC,Betaling Bancontact,shopping_clothing
cust_sofie09_tx00213,acc_sofie09_current,2026-05-21,-5940,EUR,TotalEnergies,Brandstof,transport_fuel
cust_sofie09_tx00214,acc_sofie09_current,2026-05-22,-6399,EUR,Zalando,Online aankoop,shopping_online
cust_sofie09_tx00215,acc_sofie09_current,2026-05-23,-11529,EUR,Aldi,Betaling Bancontact,groceries
cust_sofie09_tx00216,acc_sofie09_current,2026-05-27,-1951,EUR,Kruidvat,Betaling Bancontact,shopping_household
cust_sofie09_tx00217,acc_sofie09_current,2026-05-28,304500,EUR,Flanders Care vzw,Loon 2026-05,income_salary
cust_sofie09_tx00218,acc_sofie09_current,2026-05-28,-50000,EUR,Sofie Hermans,Naar spaarrekening,transfer_internal
cust_sofie09_tx00219,acc_sofie09_savings,2026-05-28,50000,EUR,Sofie Hermans,Van zichtrekening,transfer_internal
cust_sofie09_tx00220,acc_sofie09_current,2026-05-30,-15405,EUR,Delhaize,Betaling Bancontact,groceries
cust_sofie09_tx00221,acc_sofie09_current,2026-05-31,-3904,EUR,Bakkerij Moens,Betaling Bancontact,eating_out
cust_sofie09_tx00222,acc_sofie09_current,2026-06-02,35000,EUR,K. Vermeulen,Bijdrage huishouden,income_transfer_household
cust_sofie09_tx00223,acc_sofie09_current,2026-06-03,-2992,EUR,Kruidvat,Betaling Bancontact,shopping_household
cust_sofie09_tx00224,acc_sofie09_current,2026-06-03,-25700,EUR,Synthetic Auto Finance,Aflossing autolening,loan_repayment
cust_sofie09_tx00225,acc_sofie09_current,2026-06-04,-6400,EUR,Sportclub,Lidgeld kind 1,kids_activities
cust_sofie09_tx00226,acc_sofie09_current,2026-06-04,-6426,EUR,Q8,Brandstof,transport_fuel
cust_sofie09_tx00227,acc_sofie09_current,2026-06-05,-148680,EUR,Synthetic Bank,Aflossing woonkrediet,housing_mortgage
cust_sofie09_tx00228,acc_sofie09_current,2026-06-06,-1399,EUR,Netflix,Netflix abonnement,subscription_streaming
cust_sofie09_tx00229,acc_sofie09_current,2026-06-06,-12119,EUR,Colruyt,Betaling Bancontact,groceries
cust_sofie09_tx00230,acc_sofie09_current,2026-06-07,-4722,EUR,Bakkerij Moens,Betaling Bancontact,eating_out
cust_sofie09_tx00231,acc_sofie09_current,2026-06-08,-9210,EUR,Synthetic Verzekeringen,Familiale + auto verzekering,insurance
cust_sofie09_tx00232,acc_sofie09_current,2026-06-10,41237,EUR,FONS,Groeipakket 06/2026 kind 1+2,income_child_benefit
cust_sofie09_tx00233,acc_sofie09_current,2026-06-10,-2163,EUR,Action,Betaling Bancontact,shopping_household
cust_sofie09_tx00234,acc_sofie09_current,2026-06-12,-4983,EUR,Bol.com,Online aankoop,shopping_online
cust_sofie09_tx00235,acc_sofie09_current,2026-06-12,-17900,EUR,Engie,Voorschot energie,utilities_energy
cust_sofie09_tx00236,acc_sofie09_current,2026-06-13,-15081,EUR,Delhaize,Betaling Bancontact,groceries
cust_sofie09_tx00237,acc_sofie09_current,2026-06-14,-4214,EUR,Frituur 't Pleintje,Betaling Bancontact,eating_out
cust_sofie09_tx00238,acc_sofie09_current,2026-06-14,-10750,EUR,IBO De Knikker,Naschoolse opvang kind 1 06/2026,childcare
cust_sofie09_tx00239,acc_sofie09_current,2026-06-15,-7499,EUR,Proximus,Internet + mobiel,utilities_telecom
cust_sofie09_tx00240,acc_sofie09_current,2026-06-18,-6522,EUR,Q8,Brandstof,transport_fuel
cust_sofie09_tx00241,acc_sofie09_current,2026-06-18,-10502,EUR,JBC,Betaling Bancontact,shopping_clothing
cust_sofie09_tx00242,acc_sofie09_current,2026-06-19,-2817,EUR,Bol.com,Online aankoop,shopping_online
cust_sofie09_tx00243,acc_sofie09_current,2026-06-20,-6120,EUR,De Watergroep,Water voorschot,utilities_water
cust_sofie09_tx00244,acc_sofie09_current,2026-06-20,-14412,EUR,Aldi,Betaling Bancontact,groceries
cust_sofie09_tx00245,acc_sofie09_current,2026-06-24,-1108,EUR,HEMA,Betaling Bancontact,shopping_household
cust_sofie09_tx00246,acc_sofie09_current,2026-06-26,-3783,EUR,Bol.com,Online aankoop,shopping_online
cust_sofie09_tx00247,acc_sofie09_current,2026-06-27,-15902,EUR,Aldi,Betaling Bancontact,groceries
cust_sofie09_tx00248,acc_sofie09_current,2026-06-28,304500,EUR,Flanders Care vzw,Loon 2026-06,income_salary
cust_sofie09_tx00249,acc_sofie09_current,2026-06-28,-20000,EUR,Sofie Hermans,Naar spaarrekening,transfer_internal
cust_sofie09_tx00250,acc_sofie09_savings,2026-06-28,20000,EUR,Sofie Hermans,Van zichtrekening,transfer_internal
cust_sofie09_tx00251,acc_sofie09_current,2026-07-01,-1273,EUR,Action,Betaling Bancontact,shopping_household
cust_sofie09_tx00252,acc_sofie09_current,2026-07-02,35000,EUR,K. Vermeulen,Bijdrage huishouden,income_transfer_household
cust_sofie09_tx00253,acc_sofie09_current,2026-07-02,-4940,EUR,Q8,Brandstof,transport_fuel
cust_sofie09_tx00254,acc_sofie09_current,2026-07-03,-3252,EUR,Coolblue,Online aankoop,shopping_online
cust_sofie09_tx00255,acc_sofie09_current,2026-07-03,-25700,EUR,Synthetic Auto Finance,Aflossing autolening,loan_repayment
cust_sofie09_tx00256,acc_sofie09_current,2026-07-04,-6400,EUR,Sportclub,Lidgeld kind 1,kids_activities
cust_sofie09_tx00257,acc_sofie09_current,2026-07-04,-12695,EUR,Delhaize,Betaling Bancontact,groceries
cust_sofie09_tx00258,acc_sofie09_current,2026-07-05,-4534,EUR,Bakkerij Moens,Betaling Bancontact,eating_out
cust_sofie09_tx00259,acc_sofie09_current,2026-07-05,-148680,EUR,Synthetic Bank,Aflossing woonkrediet,housing_mortgage
cust_sofie09_tx00260,acc_sofie09_current,2026-07-06,-1399,EUR,Netflix,Netflix abonnement,subscription_streaming
cust_sofie09_tx00261,acc_sofie09_current,2026-07-08,-2468,EUR,Action,Betaling Bancontact,shopping_household
cust_sofie09_tx00262,acc_sofie09_current,2026-07-08,-9210,EUR,Synthetic Verzekeringen,Familiale + auto verzekering,insurance
cust_sofie09_tx00263,acc_sofie09_current,2026-07-10,41237,EUR,FONS,Groeipakket 07/2026 kind 1+2,income_child_benefit
cust_sofie09_tx00264,acc_sofie09_current,2026-07-10,-3742,EUR,Bol.com,Online aankoop,shopping_online
cust_sofie09_tx00265,acc_sofie09_current,2026-07-11,-15033,EUR,Aldi,Betaling Bancontact,groceries
cust_sofie09_tx00266,acc_sofie09_current,2026-07-11,-63500,EUR,Synthetic Vakantieparken,Vakantie,travel
cust_sofie09_tx00267,acc_sofie09_current,2026-07-12,-4379,EUR,Bakkerij Moens,Betaling Bancontact,eating_out
cust_sofie09_tx00268,acc_sofie09_current,2026-07-12,-17900,EUR,Engie,Voorschot energie,utilities_energy
cust_sofie09_tx00269,acc_sofie09_current,2026-07-14,-10750,EUR,IBO De Knikker,Naschoolse opvang kind 1 07/2026,childcare
cust_sofie09_tx00270,acc_sofie09_current,2026-07-15,-3519,EUR,HEMA,Betaling Bancontact,shopping_household
cust_sofie09_tx00271,acc_sofie09_current,2026-07-15,-7499,EUR,Proximus,Internet + mobiel,utilities_telecom
cust_sofie09_tx00272,acc_sofie09_current,2026-07-18,-11824,EUR,JBC,Betaling Bancontact,shopping_clothing
cust_sofie09_tx00273,acc_sofie09_current,2026-07-18,-14911,EUR,Delhaize,Betaling Bancontact,groceries
cust_sofie09_tx00274,acc_sofie09_current,2026-07-22,-1362,EUR,HEMA,Betaling Bancontact,shopping_household
cust_sofie09_tx00275,acc_sofie09_current,2026-07-24,-2445,EUR,Coolblue,Online aankoop,shopping_online
cust_sofie09_tx00276,acc_sofie09_current,2026-07-25,-14427,EUR,Colruyt,Betaling Bancontact,groceries
cust_sofie09_tx00277,acc_sofie09_current,2026-07-28,304500,EUR,Flanders Care vzw,Loon 2026-07,income_salary
cust_sofie09_tx00278,acc_sofie09_current,2026-07-31,-3997,EUR,Coolblue,Online aankoop,shopping_online
cust_sofie09_tx00279,acc_sofie09_current,2026-08-01,-12604,EUR,Colruyt,Betaling Bancontact,groceries
cust_sofie09_tx00280,acc_sofie09_current,2026-08-02,35000,EUR,K. Vermeulen,Bijdrage huishouden,income_transfer_household
cust_sofie09_tx00281,acc_sofie09_current,2026-08-03,-25700,EUR,Synthetic Auto Finance,Aflossing autolening,loan_repayment
cust_sofie09_tx00282,acc_sofie09_current,2026-08-04,-4500,EUR,Sportclub,Lidgeld kind 1,kids_activities
cust_sofie09_tx00283,acc_sofie09_current,2026-08-05,-3402,EUR,Kruidvat,Betaling Bancontact,shopping_household
cust_sofie09_tx00284,acc_sofie09_current,2026-08-05,-148680,EUR,Synthetic Bank,Aflossing woonkrediet,housing_mortgage
cust_sofie09_tx00285,acc_sofie09_current,2026-08-06,-1399,EUR,Netflix,Netflix abonnement,subscription_streaming
cust_sofie09_tx00286,acc_sofie09_current,2026-08-07,-6335,EUR,Zalando,Online aankoop,shopping_online
cust_sofie09_tx00287,acc_sofie09_current,2026-08-08,-9210,EUR,Synthetic Verzekeringen,Familiale + auto verzekering,insurance
cust_sofie09_tx00288,acc_sofie09_current,2026-08-08,-11996,EUR,Aldi,Betaling Bancontact,groceries
cust_sofie09_tx00289,acc_sofie09_current,2026-08-09,-3803,EUR,Frituur 't Pleintje,Betaling Bancontact,eating_out
cust_sofie09_tx00290,acc_sofie09_current,2026-08-10,41237,EUR,FONS,Groeipakket 08/2026 kind 1+2,income_child_benefit
cust_sofie09_tx00291,acc_sofie09_current,2026-08-12,-17900,EUR,Engie,Voorschot energie,utilities_energy
cust_sofie09_tx00292,acc_sofie09_current,2026-08-13,-5899,EUR,TotalEnergies,Brandstof,transport_fuel
cust_sofie09_tx00293,acc_sofie09_current,2026-08-14,-10750,EUR,IBO De Knikker,Naschoolse opvang kind 1 08/2026,childcare
cust_sofie09_tx00294,acc_sofie09_current,2026-08-15,-7499,EUR,Proximus,Internet + mobiel,utilities_telecom
cust_sofie09_tx00295,acc_sofie09_current,2026-08-15,-10588,EUR,Delhaize,Betaling Bancontact,groceries
cust_sofie09_tx00296,acc_sofie09_current,2026-08-18,-10438,EUR,H&M,Betaling Bancontact,shopping_clothing
cust_sofie09_tx00297,acc_sofie09_current,2026-08-19,-2993,EUR,Action,Betaling Bancontact,shopping_household
cust_sofie09_tx00298,acc_sofie09_current,2026-08-21,-3138,EUR,Zalando,Online aankoop,shopping_online
cust_sofie09_tx00299,acc_sofie09_current,2026-08-22,-15606,EUR,Aldi,Betaling Bancontact,groceries
cust_sofie09_tx00300,acc_sofie09_current,2026-08-26,-1696,EUR,HEMA,Betaling Bancontact,shopping_household
cust_sofie09_tx00301,acc_sofie09_current,2026-08-27,-5733,EUR,TotalEnergies,Brandstof,transport_fuel
cust_sofie09_tx00302,acc_sofie09_current,2026-08-28,304500,EUR,Flanders Care vzw,Loon 2026-08,income_salary
cust_sofie09_tx00303,acc_sofie09_current,2026-08-28,-45000,EUR,Sofie Hermans,Naar spaarrekening,transfer_internal
cust_sofie09_tx00304,acc_sofie09_savings,2026-08-28,45000,EUR,Sofie Hermans,Van zichtrekening,transfer_internal
cust_sofie09_tx00305,acc_sofie09_current,2026-08-29,-10834,EUR,Colruyt,Betaling Bancontact,groceries
cust_sofie09_tx00306,acc_sofie09_current,2026-09-02,35000,EUR,K. Vermeulen,Bijdrage huishouden,income_transfer_household
cust_sofie09_tx00307,acc_sofie09_current,2026-09-02,-2569,EUR,Kruidvat,Betaling Bancontact,shopping_household
cust_sofie09_tx00308,acc_sofie09_current,2026-09-03,-4640,EUR,Q8,Brandstof,transport_fuel
cust_sofie09_tx00309,acc_sofie09_current,2026-09-03,-14911,EUR,Basisschool Sint-Jozef,Schoolrekening kind 1,education
cust_sofie09_tx00310,acc_sofie09_current,2026-09-03,-25700,EUR,Synthetic Auto Finance,Aflossing autolening,loan_repayment
cust_sofie09_tx00311,acc_sofie09_current,2026-09-04,-2376,EUR,Coolblue,Online aankoop,shopping_online
cust_sofie09_tx00312,acc_sofie09_current,2026-09-04,-4500,EUR,Sportclub,Lidgeld kind 1,kids_activities
cust_sofie09_tx00313,acc_sofie09_current,2026-09-04,-14881,EUR,Basisschool Sint-Jozef,Schoolrekening kind 2,education
cust_sofie09_tx00314,acc_sofie09_current,2026-09-05,-10641,EUR,Aldi,Betaling Bancontact,groceries
cust_sofie09_tx00315,acc_sofie09_current,2026-09-05,-148680,EUR,Synthetic Bank,Aflossing woonkrediet,housing_mortgage
cust_sofie09_tx00316,acc_sofie09_current,2026-09-06,-1399,EUR,Netflix,Netflix abonnement,subscription_streaming
cust_sofie09_tx00317,acc_sofie09_current,2026-09-08,-9210,EUR,Synthetic Verzekeringen,Familiale + auto verzekering,insurance
cust_sofie09_tx00318,acc_sofie09_current,2026-09-09,-3946,EUR,Action,Betaling Bancontact,shopping_household
cust_sofie09_tx00319,acc_sofie09_current,2026-09-10,41237,EUR,FONS,Groeipakket 09/2026 kind 1+2,income_child_benefit
cust_sofie09_tx00320,acc_sofie09_current,2026-09-11,-5538,EUR,Coolblue,Online aankoop,shopping_online
cust_sofie09_tx00321,acc_sofie09_current,2026-09-12,-11712,EUR,Aldi,Betaling Bancontact,groceries
cust_sofie09_tx00322,acc_sofie09_current,2026-09-12,-17900,EUR,Engie,Voorschot energie,utilities_energy
cust_sofie09_tx00323,acc_sofie09_current,2026-09-14,-10750,EUR,IBO De Knikker,Naschoolse opvang kind 1 09/2026,childcare
cust_sofie09_tx00324,acc_sofie09_current,2026-09-15,-7499,EUR,Proximus,Internet + mobiel,utilities_telecom
cust_sofie09_tx00325,acc_sofie09_current,2026-09-16,-3088,EUR,HEMA,Betaling Bancontact,shopping_household
cust_sofie09_tx00326,acc_sofie09_current,2026-09-17,-5366,EUR,TotalEnergies,Brandstof,transport_fuel
cust_sofie09_tx00327,acc_sofie09_current,2026-09-18,-3394,EUR,Zalando,Online aankoop,shopping_online
cust_sofie09_tx00328,acc_sofie09_current,2026-09-18,-6616,EUR,JBC,Betaling Bancontact,shopping_clothing
cust_sofie09_tx00329,acc_sofie09_current,2026-09-19,-14535,EUR,Colruyt,Betaling Bancontact,groceries
cust_sofie09_tx00330,acc_sofie09_current,2026-09-20,-2002,EUR,Pizzeria Da Mario,Betaling Bancontact,eating_out
cust_sofie09_tx00331,acc_sofie09_current,2026-09-20,-6120,EUR,De Watergroep,Water voorschot,utilities_water
cust_sofie09_tx00332,acc_sofie09_current,2026-09-24,-4736,EUR,Q8,Brandstof,transport_fuel
cust_sofie09_tx00333,acc_sofie09_current,2026-09-25,-4751,EUR,Zalando,Online aankoop,shopping_online
cust_sofie09_tx00334,acc_sofie09_current,2026-09-26,-13709,EUR,Colruyt,Betaling Bancontact,groceries
cust_sofie09_tx00335,acc_sofie09_current,2026-09-28,304500,EUR,Flanders Care vzw,Loon 2026-09,income_salary
cust_sofie09_tx00336,acc_sofie09_current,2026-09-28,-10000,EUR,Sofie Hermans,Naar spaarrekening,transfer_internal
cust_sofie09_tx00337,acc_sofie09_savings,2026-09-28,10000,EUR,Sofie Hermans,Van zichtrekening,transfer_internal
