transaction_id,account_id,booking_date,amount_cents,currency,counterparty,description,category
cust_lucas98_tx00001,acc_lucas98_current,2025-10-01,-1202,EUR,Action,Betaling Bancontact,shopping_household
cust_lucas98_tx00002,acc_lucas98_current,2025-10-01,-126500,EUR,E. Peeters,Huur,housing_rent
cust_lucas98_tx00003,acc_lucas98_current,2025-10-02,55000,EUR,K. Wouters,Bijdrage huishouden,income_transfer_household
cust_lucas98_tx00004,acc_lucas98_current,2025-10-03,-7514,EUR,Coolblue,Online aankoop,shopping_online
cust_lucas98_tx00005,acc_lucas98_current,2025-10-04,-7500,EUR,Sportclub,Lidgeld kind 1,kids_activities
cust_lucas98_tx00006,acc_lucas98_current,2025-10-04,-15314,EUR,Aldi,Betaling Bancontact,groceries
cust_lucas98_tx00007,acc_lucas98_current,2025-10-06,-1399,EUR,Netflix,Netflix abonnement,subscription_streaming
cust_lucas98_tx00008,acc_lucas98_current,2025-10-08,-2448,EUR,HEMA,Betaling Bancontact,shopping_household
cust_lucas98_tx00009,acc_lucas98_current,2025-10-08,-9210,EUR,Synthetic Verzekeringen,Familiale + auto verzekering,insurance
cust_lucas98_tx00010,acc_lucas98_current,2025-10-09,-5135,EUR,TotalEnergies,Brandstof,transport_fuel
cust_lucas98_tx00011,acc_lucas98_current,2025-10-10,41237,EUR,FONS,Groeipakket 10/2025 kind 1+2,income_child_benefit
cust_lucas98_tx00012,acc_lucas98_current,2025-10-10,-7173,EUR,Coolblue,Online aankoop,shopping_online
cust_lucas98_tx00013,acc_lucas98_current,2025-10-11,-14922,EUR,Aldi,Betaling Bancontact,groceries
cust_lucas98_tx00014,acc_lucas98_current,2025-10-12,-15500,EUR,Engie,Voorschot energie,utilities_energy
cust_lucas98_tx00015,acc_lucas98_current,2025-10-14,-7400,EUR,IBO De Knikker,Naschoolse opvang kind 1 10/2025,childcare
cust_lucas98_tx00016,acc_lucas98_current,2025-10-14,-10600,EUR,IBO De Knikker,Naschoolse opvang kind 2 10/2025,childcare
cust_lucas98_tx00017,acc_lucas98_current,2025-10-15,-1769,EUR,HEMA,Betaling Bancontact,shopping_household
cust_lucas98_tx00018,acc_lucas98_current,2025-10-15,-7499,EUR,Proximus,Internet + mobiel,utilities_telecom
cust_lucas98_tx00019,acc_lucas98_current,2025-10-16,-5036,EUR,Q8,Brandstof,transport_fuel
cust_lucas98_tx00020,acc_lucas98_current,2025-10-18,-9631,EUR,JBC,Betaling Bancontact,shopping_clothing
cust_lucas98_tx00021,acc_lucas98_current,2025-10-18,-14100,EUR,Colruyt,Betaling Bancontact,groceries
cust_lucas98_tx00022,acc_lucas98_current,2025-10-19,-2264,EUR,Pizzeria Da Mario,Betaling Bancontact,eating_out
cust_lucas98_tx00023,acc_lucas98_current,2025-10-22,-3595,EUR,Kruidvat,Betaling Bancontact,shopping_household
cust_lucas98_tx00024,acc_lucas98_current,2025-10-23,-4609,EUR,Q8,Brandstof,transport_fuel
cust_lucas98_tx00025,acc_lucas98_current,2025-10-24,-6599,EUR,Bol.com,Online aankoop,shopping_online
cust_lucas98_tx00026,acc_lucas98_current,2025-10-25,-11741,EUR,Delhaize,Betaling Bancontact,groceries
cust_lucas98_tx00027,acc_lucas98_current,2025-10-28,307000,EUR,Noordzee Foods NV,Loon 2025-10,income_salary
cust_lucas98_tx00028,acc_lucas98_current,2025-10-28,-100000,EUR,Lucas Lambrechts,Naar spaarrekening,transfer_internal
cust_lucas98_tx00029,acc_lucas98_savings,2025-10-28,100000,EUR,Lucas Lambrechts,Van zichtrekening,transfer_internal
cust_lucas98_tx00030,acc_lucas98_current,2025-10-29,-3577,EUR,Action,Betaling Bancontact,shopping_household
cust_lucas98_tx00031,acc_lucas98_current,2025-11-01,-11589,EUR,Aldi,Betaling Bancontact,groceries
cust_lucas98_tx00032,acc_lucas98_current,2025-11-01,-126500,EUR,E. Peeters,Huur,housing_rent
cust_lucas98_tx00033,acc_lucas98_current,2025-11-02,55000,EUR,K. Wouters,Bijdrage huishouden,income_transfer_household
cust_lucas98_tx00034,acc_lucas98_current,2025-11-02,-4267,EUR,Frituur 't Pleintje,Betaling Bancontact,eating_out
cust_lucas98_tx00035,acc_lucas98_current,2025-11-04,-6400,EUR,Sportclub,Lidgeld kind 1,kids_activities
cust_lucas98_tx00036,acc_lucas98_current,2025-11-06,-1399,EUR,Netflix,Netflix abonnement,subscription_streaming
cust_lucas98_tx00037,acc_lucas98_current,2025-11-07,-7079,EUR,Coolblue,Online aankoop,shopping_online
cust_lucas98_tx00038,acc_lucas98_current,2025-11-08,-9210,EUR,Synthetic Verzekeringen,Familiale + auto verzekering,insurance
cust_lucas98_tx00039,acc_lucas98_current,2025-11-08,-15069,EUR,Aldi,Betaling Bancontact,groceries
cust_lucas98_tx00040,acc_lucas98_current,2025-11-10,41237,EUR,FONS,Groeipakket 11/2025 kind 1+2,income_child_benefit
cust_lucas98_tx00041,acc_lucas98_current,2025-11-12,-2799,EUR,Kruidvat,Betaling Bancontact,shopping_household
cust_lucas98_tx00042,acc_lucas98_current,2025-11-12,-16800,EUR,Engie,Voorschot energie,utilities_energy
cust_lucas98_tx00043,acc_lucas98_current,2025-11-14,-2838,EUR,Bol.com,Online aankoop,shopping_online
cust_lucas98_tx00044,acc_lucas98_current,2025-11-14,-7400,EUR,IBO De Knikker,Naschoolse opvang kind 1 11/2025,childcare
cust_lucas98_tx00045,acc_lucas98_current,2025-11-14,-10600,EUR,IBO De Knikker,Naschoolse opvang kind 2 11/2025,childcare
cust_lucas98_tx00046,acc_lucas98_current,2025-11-15,-7499,EUR,Proximus,Internet + mobiel,utilities_telecom
cust_lucas98_tx00047,acc_lucas98_current,2025-11-15,-13488,EUR,Aldi,Betaling Bancontact,groceries
cust_lucas98_tx00048,acc_lucas98_current,2025-11-18,-6163,EUR,JBC,Betaling Bancontact,shopping_clothing
cust_lucas98_tx00049,acc_lucas98_current,2025-11-19,-4054,EUR,Kruidvat,Betaling Bancontact,shopping_household
cust_lucas98_tx00050,acc_lucas98_current,2025-11-20,-5584,EUR,Q8,Brandstof,transport_fuel
cust_lucas98_tx00051,acc_lucas98_current,2025-11-22,-13174,EUR,Delhaize,Betaling Bancontact,groceries
cust_lucas98_tx00052,acc_lucas98_current,2025-11-23,-3079,EUR,Bakkerij Moens,Betaling Bancontact,eating_out
cust_lucas98_tx00053,acc_lucas98_current,2025-11-27,-5027,EUR,Q8,Brandstof,transport_fuel
cust_lucas98_tx00054,acc_lucas98_current,2025-11-28,307000,EUR,Noordzee Foods NV,Loon 2025-11,income_salary
cust_lucas98_tx00055,acc_lucas98_current,2025-11-28,-3620,EUR,Zalando,Online aankoop,shopping_online
cust_lucas98_tx00056,acc_lucas98_current,2025-11-28,-120000,EUR,Lucas Lambrechts,Naar spaarrekening,transfer_internal
cust_lucas98_tx00057,acc_lucas98_savings,2025-11-28,120000,EUR,Lucas Lambrechts,Van zichtrekening,transfer_internal
cust_lucas98_tx00058,acc_lucas98_current,2025-11-29,-12534,EUR,Delhaize,Betaling Bancontact,groceries
cust_lucas98_tx00059,acc_lucas98_current,2025-12-01,-126500,EUR,E. Peeters,Huur,housing_rent
cust_lucas98_tx00060,acc_lucas98_current,2025-12-02,55000,EUR,K. Wouters,Bijdrage huishouden,income_transfer_household
cust_lucas98_tx00061,acc_lucas98_current,2025-12-03,-1314,EUR,Kruidvat,Betaling Bancontact,shopping_household
cust_lucas98_tx00062,acc_lucas98_current,2025-12-04,-4500,EUR,Sportclub,Lidgeld kind 1,kids_activities
cust_lucas98_tx00063,acc_lucas98_current,2025-12-06,-1399,EUR,Netflix,Netflix abonnement,subscription_streaming
cust_lucas98_tx00064,acc_lucas98_current,2025-12-06,-12201,EUR,Delhaize,Betaling Bancontact,groceries
cust_lucas98_tx00065,acc_lucas98_current,2025-12-08,-9210,EUR,Synthetic Verzekeringen,Familiale + auto verzekering,insurance
cust_lucas98_tx00066,acc_lucas98_current,2025-12-10,41237,EUR,FONS,Groeipakket 12/2025 kind 1+2,income_child_benefit
cust_lucas98_tx00067,acc_lucas98_current,2025-12-10,-2359,EUR,Action,Betaling Bancontact,shopping_household
cust_lucas98_tx00068,acc_lucas98_current,2025-12-11,-5203,EUR,Q8,Brandstof,transport_fuel
cust_lucas98_tx00069,acc_lucas98_current,2025-12-12,-4821,EUR,Coolblue,Online aankoop,shopping_online
cust_lucas98_tx00070,acc_lucas98_current,2025-12-12,-16800,EUR,Engie,Voorschot energie,utilities_energy
cust_lucas98_tx00071,acc_lucas98_current,2025-12-13,-14862,EUR,Delhaize,Betaling Bancontact,groceries
cust_lucas98_tx00072,acc_lucas98_current,2025-12-14,-7400,EUR,IBO De Knikker,Naschoolse opvang kind 1 12/2025,childcare
cust_lucas98_tx00073,acc_lucas98_current,2025-12-14,-10600,EUR,IBO De Knikker,Naschoolse opvang kind 2 12/2025,childcare
cust_lucas98_tx00074,acc_lucas98_current,2025-12-15,-7499,EUR,Proximus,Internet + mobiel,utilities_telecom
cust_lucas98_tx00075,acc_lucas98_current,2025-12-17,-3011,EUR,HEMA,Betaling Bancontact,shopping_household
cust_lucas98_tx00076,acc_lucas98_current,2025-12-18,-5125,EUR,Q8,Brandstof,transport_fuel
cust_lucas98_tx00077,acc_lucas98_current,2025-12-18,-10790,EUR,Zeeman,Betaling Bancontact,shopping_clothing
cust_lucas98_tx00078,acc_lucas98_current,2025-12-20,-6120,EUR,De Watergroep,Water voorschot,utilities_water
cust_lucas98_tx00079,acc_lucas98_current,2025-12-20,-13797,EUR,Colruyt,Betaling Bancontact,groceries
cust_lucas98_tx00080,acc_lucas98_current,2025-12-21,-1868,EUR,Bakkerij Moens,Betaling Bancontact,eating_out
cust_lucas98_tx00081,acc_lucas98_current,2025-12-24,-1640,EUR,Kruidvat,Betaling Bancontact,shopping_household
cust_lucas98_tx00082,acc_lucas98_current,2025-12-27,-16475,EUR,Aldi,Betaling Bancontact,groceries
cust_lucas98_tx00083,acc_lucas98_current,2025-12-28,307000,EUR,Noordzee Foods NV,Loon 2025-12,income_salary
cust_lucas98_tx00084,acc_lucas98_current,2025-12-28,-105000,EUR,Lucas Lambrechts,Naar spaarrekening,transfer_internal
cust_lucas98_tx00085,acc_lucas98_savings,2025-12-28,105000,EUR,Lucas Lambrechts,Van zichtrekening,transfer_internal
cust_lucas98_tx00086,acc_lucas98_current,2025-12-31,-3985,EUR,Action,Betaling Bancontact,shopping_household
cust_lucas98_tx00087,acc_lucas98_current,2026-01-01,-6534,EUR,TotalEnergies,Brandstof,transport_fuel
cust_lucas98_tx00088,acc_lucas98_current,2026-01-01,-126500,EUR,E. Peeters,Huur,housing_rent
cust_lucas98_tx00089,acc_lucas98_current,2026-01-02,55000,EUR,K. Wouters,Bijdrage huishouden,income_transfer_household
cust_lucas98_tx00090,acc_lucas98_current,2026-01-02,-4411,EUR,Zalando,Online aankoop,shopping_online
cust_lucas98_tx00091,acc_lucas98_current,2026-01-03,-15260,EUR,Colruyt,Betaling Bancontact,groceries
cust_lucas98_tx00092,acc_lucas98_current,2026-01-04,-6400,EUR,Sportclub,Lidgeld kind 1,kids_activities
cust_lucas98_tx00093,acc_lucas98_current,2026-01-06,-1399,EUR,Netflix,Netflix abonnement,subscription_streaming
cust_lucas98_tx00094,acc_lucas98_current,2026-01-07,-2920,EUR,HEMA,Betaling Bancontact,shopping_household
cust_lucas98_tx00095,acc_lucas98_current,2026-01-08,-4992,EUR,Q8,Brandstof,transport_fuel
cust_lucas98_tx00096,acc_lucas98_current,2026-01-08,-9210,EUR,Synthetic Verzekeringen,Familiale + auto verzekering,insurance
cust_lucas98_tx00097,acc_lucas98_current,2026-01-09,-5503,EUR,Zalando,Online aankoop,shopping_online
cust_lucas98_tx00098,acc_lucas98_current,2026-01-10,41237,EUR,FONS,Groeipakket 01/2026 kind 1+2,income_child_benefit
cust_lucas98_tx00099,acc_lucas98_current,2026-01-10,-14059,EUR,Colruyt,Betaling Bancontact,groceries
cust_lucas98_tx00100,acc_lucas98_current,2026-01-12,-16800,EUR,Engie,Voorschot energie,utilities_energy
cust_lucas98_tx00101,acc_lucas98_current,2026-01-14,-2755,EUR,Action,Betaling Bancontact,shopping_household
cust_lucas98_tx00102,acc_lucas98_current,2026-01-14,-7400,EUR,IBO De Knikker,Naschoolse opvang kind 1 01/2026,childcare
cust_lucas98_tx00103,acc_lucas98_current,2026-01-14,-10600,EUR,IBO De Knikker,Naschoolse opvang kind 2 01/2026,childcare
cust_lucas98_tx00104,acc_lucas98_current,2026-01-15,-6423,EUR,Q8,Brandstof,transport_fuel
cust_lucas98_tx00105,acc_lucas98_current,2026-01-15,-7499,EUR,Proximus,Internet + mobiel,utilities_telecom
cust_lucas98_tx00106,acc_lucas98_current,2026-01-16,-5341,EUR,Coolblue,Online aankoop,shopping_online
cust_lucas98_tx00107,acc_lucas98_current,2026-01-17,-14096,EUR,Delhaize,Betaling Bancontact,groceries
cust_lucas98_tx00108,acc_lucas98_current,2026-01-18,-4000,EUR,Pizzeria Da Mario,Betaling Bancontact,eating_out
cust_lucas98_tx00109,acc_lucas98_current,2026-01-18,-10328,EUR,JBC,Betaling Bancontact,shopping_clothing
cust_lucas98_tx00110,acc_lucas98_current,2026-01-23,-3938,EUR,Coolblue,Online aankoop,shopping_online
cust_lucas98_tx00111,acc_lucas98_current,2026-01-24,-15602,EUR,Delhaize,Betaling Bancontact,groceries
cust_lucas98_tx00112,acc_lucas98_current,2026-01-28,307000,EUR,Noordzee Foods NV,Loon 2026-01,income_salary
cust_lucas98_tx00113,acc_lucas98_current,2026-01-28,-1474,EUR,Action,Betaling Bancontact,shopping_household
cust_lucas98_tx00114,acc_lucas98_current,2026-01-28,-95000,EUR,Lucas Lambrechts,Naar spaarrekening,transfer_internal
cust_lucas98_tx00115,acc_lucas98_savings,2026-01-28,95000,EUR,Lucas Lambrechts,Van zichtrekening,transfer_internal
cust_lucas98_tx00116,acc_lucas98_current,2026-01-29,-6389,EUR,Q8,Brandstof,transport_fuel
cust_lucas98_tx00117,acc_lucas98_current,2026-01-31,-12051,EUR,Aldi,Betaling Bancontact,groceries
cust_lucas98_tx00118,acc_lucas98_current,2026-02-01,-3755,EUR,Pizzeria Da Mario,Betaling Bancontact,eating_out
cust_lucas98_tx00119,acc_lucas98_current,2026-02-01,-126500,EUR,E. Peeters,Huur,housing_rent
cust_lucas98_tx00120,acc_lucas98_current,2026-02-02,55000,EUR,K. Wouters,Bijdrage huishouden,income_transfer_household
cust_lucas98_tx00121,acc_lucas98_current,2026-02-04,-3342,EUR,HEMA,Betaling Bancontact,shopping_household
cust_lucas98_tx00122,acc_lucas98_current,2026-02-04,-6400,EUR,Sportclub,Lidgeld kind 1,kids_activities
cust_lucas98_tx00123,acc_lucas98_current,2026-02-05,-5164,EUR,TotalEnergies,Brandstof,transport_fuel
cust_lucas98_tx00124,acc_lucas98_current,2026-02-06,-1399,EUR,Netflix,Netflix abonnement,subscription_streaming
cust_lucas98_tx00125,acc_lucas98_current,2026-02-06,-5413,EUR,Zalando,Online aankoop,shopping_online
cust_lucas98_tx00126,acc_lucas98_current,2026-02-07,-11370,EUR,Delhaize,Betaling Bancontact,groceries
cust_lucas98_tx00127,acc_lucas98_current,2026-02-08,-9210,EUR,Synthetic Verzekeringen,Familiale + auto verzekering,insurance
cust_lucas98_tx00128,acc_lucas98_current,2026-02-10,41237,EUR,FONS,Groeipakket 02/2026 kind 1+2,income_child_benefit
cust_lucas98_tx00129,acc_lucas98_current,2026-02-11,-3056,EUR,Kruidvat,Betaling Bancontact,shopping_household
cust_lucas98_tx00130,acc_lucas98_current,2026-02-12,-15500,EUR,Engie,Voorschot energie,utilities_energy
cust_lucas98_tx00131,acc_lucas98_current,2026-02-13,-4233,EUR,Zalando,Online aankoop,shopping_online
cust_lucas98_tx00132,acc_lucas98_current,2026-02-14,-7400,EUR,IBO De Knikker,Naschoolse opvang kind 1 02/2026,childcare
cust_lucas98_tx00133,acc_lucas98_current,2026-02-14,-10600,EUR,IBO De Knikker,Naschoolse opvang kind 2 02/2026,childcare
cust_lucas98_tx00134,acc_lucas98_current,2026-02-14,-15173,EUR,Colruyt,Betaling Bancontact,groceries
cust_lucas98_tx00135,acc_lucas98_current,2026-02-15,-2588,EUR,Bakkerij Moens,Betaling Bancontact,eating_out
cust_lucas98_tx00136,acc_lucas98_current,2026-02-15,-7499,EUR,Proximus,Internet + mobiel,utilities_telecom
cust_lucas98_tx00137,acc_lucas98_current,2026-02-18,-6576,EUR,H&M,Betaling Bancontact,shopping_clothing
cust_lucas98_tx00138,acc_lucas98_current,2026-02-20,-6457,EUR,Zalando,Online aankoop,shopping_online
cust_lucas98_tx00139,acc_lucas98_current,2026-02-21,-16106,EUR,Colruyt,Betaling Bancontact,groceries
cust_lucas98_tx00140,acc_lucas98_current,2026-02-22,-2751,EUR,Bakkerij Moens,Betaling Bancontact,eating_out
cust_lucas98_tx00141,acc_lucas98_current,2026-02-25,-1654,EUR,Kruidvat,Betaling Bancontact,shopping_household
cust_lucas98_tx00142,acc_lucas98_current,2026-02-27,-6355,EUR,Coolblue,Online aankoop,shopping_online
cust_lucas98_tx00143,acc_lucas98_current,2026-02-28,307000,EUR,Noordzee Foods NV,Loon 2026-02,income_salary
cust_lucas98_tx00144,acc_lucas98_current,2026-02-28,-11917,EUR,Delhaize,Betaling Bancontact,groceries
cust_lucas98_tx00145,acc_lucas98_current,2026-02-28,-95000,EUR,Lucas Lambrechts,Naar spaarrekening,transfer_internal
cust_lucas98_tx00146,acc_lucas98_savings,2026-02-28,95000,EUR,Lucas Lambrechts,Van zichtrekening,transfer_internal
cust_lucas98_tx00147,acc_lucas98_current,2026-03-01,-3962,EUR,Frituur 't Pleintje,Betaling Bancontact,eating_out
cust_lucas98_tx00148,acc_lucas98_current,2026-03-01,-126500,EUR,E. Peeters,Huur,housing_rent
cust_lucas98_tx00149,acc_lucas98_current,2026-03-02,55000,EUR,K. Wouters,Bijdrage huishouden,income_transfer_household
cust_lucas98_tx00150,acc_lucas98_current,2026-03-04,-3571,EUR,Kruidvat,Betaling Bancontact,shopping_household
cust_lucas98_tx00151,acc_lucas98_current,2026-03-04,-6400,EUR,Sportclub,Lidgeld kind 1,kids_activities
cust_lucas98_tx00152,acc_lucas98_current,2026-03-05,-6442,EUR,TotalEnergies,Brandstof,transport_fuel
cust_lucas98_tx00153,acc_lucas98_current,2026-03-06,-1399,EUR,Netflix,Netflix abonnement,subscription_streaming
cust_lucas98_tx00154,acc_lucas98_current,2026-03-06,-3908,EUR,Bol.com,Online aankoop,shopping_online
cust_lucas98_tx00155,acc_lucas98_current,2026-03-07,-12132,EUR,Aldi,Betaling Bancontact,groceries
cust_lucas98_tx00156,acc_lucas98_current,2026-03-08,-9210,EUR,Synthetic Verzekeringen,Familiale + auto verzekering,insurance
cust_lucas98_tx00157,acc_lucas98_current,2026-03-10,41237,EUR,FONS,Groeipakket 03/2026 kind 1+2,income_child_benefit
cust_lucas98_tx00158,acc_lucas98_current,2026-03-11,-3657,EUR,Action,Betaling Bancontact,shopping_household
cust_lucas98_tx00159,acc_lucas98_current,2026-03-12,-15500,EUR,Engie,Voorschot energie,utilities_energy
cust_lucas98_tx00160,acc_lucas98_current,2026-03-13,-5504,EUR,Coolblue,Online aankoop,shopping_online
cust_lucas98_tx00161,acc_lucas98_current,2026-03-14,-7400,EUR,IBO De Knikker,Naschoolse opvang kind 1 03/2026,childcare
cust_lucas98_tx00162,acc_lucas98_current,2026-03-14,-10600,EUR,IBO De Knikker,Naschoolse opvang kind 2 03/2026,childcare
cust_lucas98_tx00163,acc_lucas98_current,2026-03-14,-16358,EUR,Colruyt,Betaling Bancontact,groceries
cust_lucas98_tx00164,acc_lucas98_current,2026-03-15,-7499,EUR,Proximus,Internet + mobiel,utilities_telecom
cust_lucas98_tx00165,acc_lucas98_current,2026-03-18,-2299,EUR,Kruidvat,Betaling Bancontact,shopping_household
cust_lucas98_tx00166,acc_lucas98_current,2026-03-18,-9023,EUR,H&M,Betaling Bancontact,shopping_clothing
cust_lucas98_tx00167,acc_lucas98_current,2026-03-19,-6326,EUR,Q8,Brandstof,transport_fuel
cust_lucas98_tx00168,acc_lucas98_current,2026-03-20,-6120,EUR,De Watergroep,Water voorschot,utilities_water
cust_lucas98_tx00169,acc_lucas98_current,2026-03-20,-6179,EUR,Bol.com,Online aankoop,shopping_online
cust_lucas98_tx00170,acc_lucas98_current,2026-03-21,-13834,EUR,Colruyt,Betaling Bancontact,groceries
cust_lucas98_tx00171,acc_lucas98_current,2026-03-28,307000,EUR,Noordzee Foods NV,Loon 2026-03,income_salary
cust_lucas98_tx00172,acc_lucas98_current,2026-03-28,-15367,EUR,Colruyt,Betaling Bancontact,groceries
cust_lucas98_tx00173,acc_lucas98_current,2026-03-28,-105000,EUR,Lucas Lambrechts,Naar spaarrekening,transfer_internal
cust_lucas98_tx00174,acc_lucas98_savings,2026-03-28,105000,EUR,Lucas Lambrechts,Van zichtrekening,transfer_internal
cust_lucas98_tx00175,acc_lucas98_current,2026-04-01,-3007,EUR,Kruidvat,Betaling Bancontact,shopping_household
cust_lucas98_tx00176,acc_lucas98_current,2026-04-01,-126500,EUR,E. Peeters,Huur,housing_rent
cust_lucas98_tx00177,acc_lucas98_current,2026-04-02,55000,EUR,K. Wouters,Bijdrage huishouden,income_transfer_household
cust_lucas98_tx00178,acc_lucas98_current,2026-04-03,-3095,EUR,Bol.com,Online aankoop,shopping_online
cust_lucas98_tx00179,acc_lucas98_current,2026-04-04,-6400,EUR,Sportclub,Lidgeld kind 1,kids_activities
cust_lucas98_tx00180,acc_lucas98_current,2026-04-04,-14565,EUR,Colruyt,Betaling Bancontact,groceries
cust_lucas98_tx00181,acc_lucas98_current,2026-04-05,-3157,EUR,Frituur 't Pleintje,Betaling Bancontact,eating_out
cust_lucas98_tx00182,acc_lucas98_current,2026-04-06,-1399,EUR,Netflix,Netflix abonnement,subscription_streaming
cust_lucas98_tx00183,acc_lucas98_current,2026-04-08,-3944,EUR,Kruidvat,Betaling Bancontact,shopping_household
cust_lucas98_tx00184,acc_lucas98_current,2026-04-08,-9210,EUR,Synthetic Verzekeringen,Familiale + auto verzekering,insurance
cust_lucas98_tx00185,acc_lucas98_current,2026-04-09,-5146,EUR,Q8,Brandstof,transport_fuel
cust_lucas98_tx00186,acc_lucas98_current,2026-04-10,41237,EUR,FONS,Groeipakket 04/2026 kind 1+2,income_child_benefit
cust_lucas98_tx00187,acc_lucas98_current,2026-04-10,-3044,EUR,Bol.com,Online aankoop,shopping_online
cust_lucas98_tx00188,acc_lucas98_current,2026-04-11,-11132,EUR,Aldi,Betaling Bancontact,groceries
cust_lucas98_tx00189,acc_lucas98_current,2026-04-12,-15500,EUR,Engie,Voorschot energie,utilities_energy
cust_lucas98_tx00190,acc_lucas98_current,2026-04-14,-7400,EUR,IBO De Knikker,Naschoolse opvang kind 1 04/2026,childcare
cust_lucas98_tx00191,acc_lucas98_current,2026-04-14,-10600,EUR,IBO De Knikker,Naschoolse opvang kind 2 04/2026,childcare
cust_lucas98_tx00192,acc_lucas98_current,2026-04-15,-7499,EUR,Proximus,Internet + mobiel,utilities_telecom
cust_lucas98_tx00193,acc_lucas98_current,2026-04-17,-5776,EUR,Zalando,Online aankoop,shopping_online
cust_lucas98_tx00194,acc_lucas98_current,2026-04-18,-12727,EUR,H&M,Betaling Bancontact,shopping_clothing
cust_lucas98_tx00195,acc_lucas98_current,2026-04-18,-15546,EUR,Delhaize,Betaling Bancontact,groceries
cust_lucas98_tx00196,acc_lucas98_current,2026-04-19,-2676,EUR,Frituur 't Pleintje,Betaling Bancontact,eating_out
cust_lucas98_tx00197,acc_lucas98_current,2026-04-22,-1695,EUR,Action,Betaling Bancontact,shopping_household
cust_lucas98_tx00198,acc_lucas98_current,2026-04-25,-14475,EUR,Colruyt,Betaling Bancontact,groceries
cust_lucas98_tx00199,acc_lucas98_current,2026-04-28,307000,EUR,Noordzee Foods NV,Loon 2026-04,income_salary
cust_lucas98_tx00200,acc_lucas98_current,2026-04-28,-120000,EUR,Lucas Lambrechts,Naar spaarrekening,transfer_internal
cust_lucas98_tx00201,acc_lucas98_savings,2026-04-28,120000,EUR,Lucas Lambrechts,Van zichtrekening,transfer_internal
cust_lucas98_tx00202,acc_lucas98_current,2026-04-29,-2870,EUR,HEMA,Betaling Bancontact,shopping_household
cust_lucas98_tx00203,acc_lucas98_current,2026-04-30,-6692,EUR,Q8,Brandstof,transport_fuel
cust_lucas98_tx00204,acc_lucas98_current,2026-05-01,-126500,EUR,E. Peeters,Huur,housing_rent
cust_lucas98_tx00205,acc_lucas98_current,2026-05-02,55000,EUR,K. Wouters,Bijdrage huishouden,income_transfer_household
cust_lucas98_tx00206,acc_lucas98_current,2026-05-02,-12410,EUR,Delhaize,Betaling Bancontact,groceries
cust_lucas98_tx00207,acc_lucas98_current,2026-05-03,-4452,EUR,Bakkerij Moens,Betaling Bancontact,eating_out
cust_lucas98_tx00208,acc_lucas98_current,2026-05-04,-6400,EUR,Sportclub,Lidgeld kind 1,kids_activities
cust_lucas98_tx00209,acc_lucas98_current,2026-05-06,-1399,EUR,Netflix,Netflix abonnement,subscription_streaming
cust_lucas98_tx00210,acc_lucas98_current,2026-05-06,-3567,EUR,Kruidvat,Betaling Bancontact,shopping_household
cust_lucas98_tx00211,acc_lucas98_current,2026-05-08,-3301,EUR,Coolblue,Online aankoop,shopping_online
cust_lucas98_tx00212,acc_lucas98_current,2026-05-08,-9210,EUR,Synthetic Verzekeringen,Familiale + auto verzekering,insurance
cust_lucas98_tx00213,acc_lucas98_current,2026-05-09,-15571,EUR,Colruyt,Betaling Bancontact,groceries
cust_lucas98_tx00214,acc_lucas98_current,2026-05-10,41237,EUR,FONS,Groeipakket 05/2026 kind 1+2,income_child_benefit
cust_lucas98_tx00215,acc_lucas98_current,2026-05-12,-16800,EUR,Engie,Voorschot energie,utilities_energy
cust_lucas98_tx00216,acc_lucas98_current,2026-05-13,-2168,EUR,Action,Betaling Bancontact,shopping_household
cust_lucas98_tx00217,acc_lucas98_current,2026-05-14,-7400,EUR,IBO De Knikker,Naschoolse opvang kind 1 05/2026,childcare
cust_lucas98_tx00218,acc_lucas98_current,2026-05-14,-10600,EUR,IBO De Knikker,Naschoolse opvang kind 2 05/2026,childcare
cust_lucas98_tx00219,acc_lucas98_current,2026-05-15,-4635,EUR,Bol.com,Online aankoop,shopping_online
cust_lucas98_tx00220,acc_lucas98_current,2026-05-15,-7499,EUR,Proximus,Internet + mobiel,utilities_telecom
cust_lucas98_tx00221,acc_lucas98_current,2026-05-16,-15718,EUR,Delhaize,Betaling Bancontact,groceries
cust_lucas98_tx00222,acc_lucas98_current,2026-05-17,-4808,EUR,Bakkerij Moens,Betaling Bancontact,eating_out
cust_lucas98_tx00223,acc_lucas98_current,2026-05-18,-7655,EUR,JBC,Betaling Bancontact,shopping_clothing
cust_lucas98_tx00224,acc_lucas98_current,2026-05-20,-1356,EUR,Action,Betaling Bancontact,shopping_household
cust_lucas98_tx00225,acc_lucas98_current,2026-05-21,-4831,EUR,TotalEnergies,Brandstof,transport_fuel
cust_lucas98_tx00226,acc_lucas98_current,2026-05-22,-7192,EUR,Coolblue,Online aankoop,shopping_online
cust_lucas98_tx00227,acc_lucas98_current,2026-05-23,-12701,EUR,Delhaize,Betaling Bancontact,groceries
cust_lucas98_tx00228,acc_lucas98_current,2026-05-27,-2900,EUR,Kruidvat,Betaling Bancontact,shopping_household
cust_lucas98_tx00229,acc_lucas98_current,2026-05-28,307000,EUR,Noordzee Foods NV,Loon 2026-05,income_salary
cust_lucas98_tx00230,acc_lucas98_current,2026-05-28,-5951,EUR,Q8,Brandstof,transport_fuel
cust_lucas98_tx00231,acc_lucas98_current,2026-05-28,-95000,EUR,Lucas Lambrechts,Naar spaarrekening,transfer_internal
cust_lucas98_tx00232,acc_lucas98_savings,2026-05-28,95000,EUR,Lucas Lambrechts,Van zichtrekening,transfer_internal
cust_lucas98_tx00233,acc_lucas98_current,2026-05-30,-13903,EUR,Aldi,Betaling Bancontact,groceries
cust_lucas98_tx00234,acc_lucas98_current,2026-06-01,-126500,EUR,E. Peeters,Huur,housing_rent
cust_lucas98_tx00235,acc_lucas98_current,2026-06-02,55000,EUR,K. Wouters,Bijdrage huishouden,income_transfer_household
cust_lucas98_tx00236,acc_lucas98_current,2026-06-03,-1859,EUR,HEMA,Betaling Bancontact,shopping_household
cust_lucas98_tx00237,acc_lucas98_current,2026-06-04,-7500,EUR,Sportclub,Lidgeld kind 1,kids_activities
cust_lucas98_tx00238,acc_lucas98_current,2026-06-05,-6167,EUR,Coolblue,Online aankoop,shopping_online
cust_lucas98_tx00239,acc_lucas98_current,2026-06-06,-1399,EUR,Netflix,Netflix abonnement,subscription_streaming
cust_lucas98_tx00240,acc_lucas98_current,2026-06-06,-11192,EUR,Aldi,Betaling Bancontact,groceries
cust_lucas98_tx00241,acc_lucas98_current,2026-06-08,-9210,EUR,Synthetic Verzekeringen,Familiale + auto verzekering,insurance
cust_lucas98_tx00242,acc_lucas98_current,2026-06-10,41237,EUR,FONS,Groeipakket 06/2026 kind 1+2,income_child_benefit
cust_lucas98_tx00243,acc_lucas98_current,2026-06-12,-5755,EUR,Zalando,Online aankoop,shopping_online
cust_lucas98_tx00244,acc_lucas98_current,2026-06-12,-16800,EUR,Engie,Voorschot energie,utilities_energy
cust_lucas98_tx00245,acc_lucas98_current,2026-06-13,-13856,EUR,Aldi,Betaling Bancontact,groceries
cust_lucas98_tx00246,acc_lucas98_current,2026-06-14,-4105,EUR,Pizzeria Da Mario,Betaling Bancontact,eating_out
cust_lucas98_tx00247,acc_lucas98_current,2026-06-14,-7400,EUR,IBO De Knikker,Naschoolse opvang kind 1 06/2026,childcare
cust_lucas98_tx00248,acc_lucas98_current,2026-06-14,-10600,EUR,IBO De Knikker,Naschoolse opvang kind 2 06/2026,childcare
cust_lucas98_tx00249,acc_lucas98_current,2026-06-15,-7499,EUR,Proximus,Internet + mobiel,utilities_telecom
cust_lucas98_tx00250,acc_lucas98_current,2026-06-18,-5856,EUR,Q8,Brandstof,transport_fuel
cust_lucas98_tx00251,acc_lucas98_current,2026-06-18,-13093,EUR,H&M,Betaling Bancontact,shopping_clothing
cust_lucas98_tx00252,acc_lucas98_current,2026-06-19,-5508,EUR,Zalando,Online aankoop,shopping_online
cust_lucas98_tx00253,acc_lucas98_current,2026-06-20,-6120,EUR,De Watergroep,Water voorschot,utilities_water
cust_lucas98_tx00254,acc_lucas98_current,2026-06-20,-12440,EUR,Aldi,Betaling Bancontact,groceries
cust_lucas98_tx00255,acc_lucas98_current,2026-06-24,-4274,EUR,HEMA,Betaling Bancontact,shopping_household
cust_lucas98_tx00256,acc_lucas98_current,2026-06-27,-12887,EUR,Delhaize,Betaling Bancontact,groceries
cust_lucas98_tx00257,acc_lucas98_current,2026-06-28,307000,EUR,Noordzee Foods NV,Loon 2026-06,income_salary
cust_lucas98_tx00258,acc_lucas98_current,2026-06-28,-100000,EUR,Lucas Lambrechts,Naar spaarrekening,transfer_internal
cust_lucas98_tx00259,acc_lucas98_savings,2026-06-28,100000,EUR,Lucas Lambrechts,Van zichtrekening,transfer_internal
cust_lucas98_tx00260,acc_lucas98_current,2026-07-01,-2754,EUR,Action,Betaling Bancontact,shopping_household
cust_lucas98_tx00261,acc_lucas98_current,2026-07-01,-126500,EUR,E. Peeters,Huur,housing_rent
cust_lucas98_tx00262,acc_lucas98_current,2026-07-02,55000,EUR,K. Wouters,Bijdrage huishouden,income_transfer_household
cust_lucas98_tx00263,acc_lucas98_current,2026-07-02,-5338,EUR,Q8,Brandstof,transport_fuel
cust_lucas98_tx00264,acc_lucas98_current,2026-07-03,-6327,EUR,Bol.com,Online aankoop,shopping_online
cust_lucas98_tx00265,acc_lucas98_current,2026-07-04,-4500,EUR,Sportclub,Lidgeld kind 1,kids_activities
cust_lucas98_tx00266,acc_lucas98_current,2026-07-04,-11048,EUR,Delhaize,Betaling Bancontact,groceries
cust_lucas98_tx00267,acc_lucas98_current,2026-07-06,-1399,EUR,Netflix,Netflix abonnement,subscription_streaming
cust_lucas98_tx00268,acc_lucas98_current,2026-07-08,-3636,EUR,Kruidvat,Betaling Bancontact,shopping_household
cust_lucas98_tx00269,acc_lucas98_current,2026-07-08,-9210,EUR,Synthetic Verzekeringen,Familiale + auto verzekering,insurance
cust_lucas98_tx00270,acc_lucas98_current,2026-07-09,-5007,EUR,Q8,Brandstof,transport_fuel
cust_lucas98_tx00271,acc_lucas98_current,2026-07-10,41237,EUR,FONS,Groeipakket 07/2026 kind 1+2,income_child_benefit
cust_lucas98_tx00272,acc_lucas98_current,2026-07-10,-6589,EUR,Zalando,Online aankoop,shopping_online
cust_lucas98_tx00273,acc_lucas98_current,2026-07-11,-12528,EUR,Delhaize,Betaling Bancontact,groceries
cust_lucas98_tx00274,acc_lucas98_current,2026-07-11,-31100,EUR,Synthetic Vakantieparken,Vakantie,travel
cust_lucas98_tx00275,acc_lucas98_current,2026-07-12,-2918,EUR,Bakkerij Moens,Betaling Bancontact,eating_out
cust_lucas98_tx00276,acc_lucas98_current,2026-07-12,-16800,EUR,Engie,Voorschot energie,utilities_energy
cust_lucas98_tx00277,acc_lucas98_current,2026-07-14,-7400,EUR,IBO De Knikker,Naschoolse opvang kind 1 07/2026,childcare
cust_lucas98_tx00278,acc_lucas98_current,2026-07-14,-10600,EUR,IBO De Knikker,Naschoolse opvang kind 2 07/2026,childcare
cust_lucas98_tx00279,acc_lucas98_current,2026-07-15,-4076,EUR,Action,Betaling Bancontact,shopping_household
cust_lucas98_tx00280,acc_lucas98_current,2026-07-15,-7499,EUR,Proximus,Internet + mobiel,utilities_telecom
cust_lucas98_tx00281,acc_lucas98_current,2026-07-17,-6055,EUR,Coolblue,Online aankoop,shopping_online
cust_lucas98_tx00282,acc_lucas98_current,2026-07-18,-12000,EUR,JBC,Betaling Bancontact,shopping_clothing
cust_lucas98_tx00283,acc_lucas98_current,2026-07-18,-12111,EUR,Delhaize,Betaling Bancontact,groceries
cust_lucas98_tx00284,acc_lucas98_current,2026-07-23,-6222,EUR,TotalEnergies,Brandstof,transport_fuel
cust_lucas98_tx00285,acc_lucas98_current,2026-07-24,-5029,EUR,Zalando,Online aankoop,shopping_online
cust_lucas98_tx00286,acc_lucas98_current,2026-07-25,-15840,EUR,Colruyt,Betaling Bancontact,groceries
cust_lucas98_tx00287,acc_lucas98_current,2026-07-26,-3588,EUR,Pizzeria Da Mario,Betaling Bancontact,eating_out
cust_lucas98_tx00288,acc_lucas98_current,2026-07-28,307000,EUR,Noordzee Foods NV,Loon 2026-07,income_salary
cust_lucas98_tx00289,acc_lucas98_current,2026-07-28,-70000,EUR,Lucas Lambrechts,Naar spaarrekening,transfer_internal
cust_lucas98_tx00290,acc_lucas98_savings,2026-07-28,70000,EUR,Lucas Lambrechts,Van zichtrekening,transfer_internal
cust_lucas98_tx00291,acc_lucas98_current,2026-07-29,-1244,EUR,Action,Betaling Bancontact,shopping_household
cust_lucas98_tx00292,acc_lucas98_current,2026-08-01,-12341,EUR,Delhaize,Betaling Bancontact,groceries
cust_lucas98_tx00293,acc_lucas98_current,2026-08-01,-126500,EUR,E. Peeters,Huur,housing_rent
cust_lucas98_tx00294,acc_lucas98_current,2026-08-02,55000,EUR,K. Wouters,Bijdrage huishouden,income_transfer_household
cust_lucas98_tx00295,acc_lucas98_current,2026-08-04,-6400,EUR,Sportclub,Lidgeld kind 1,kids_activities
cust_lucas98_tx00296,acc_lucas98_current,2026-08-05,-1646,EUR,Action,Betaling Bancontact,shopping_household
cust_lucas98_tx00297,acc_lucas98_current,2026-08-06,-1399,EUR,Netflix,Netflix abonnement,subscription_streaming
cust_lucas98_tx00298,acc_lucas98_current,2026-08-06,-6305,EUR,TotalEnergies,Brandstof,transport_fuel
cust_lucas98_tx00299,acc_lucas98_current,2026-08-07,-7439,EUR,Zalando,Online aankoop,shopping_online
cust_lucas98_tx00300,acc_lucas98_current,2026-08-08,-9210,EUR,Synthetic Verzekeringen,Familiale + auto verzekering,insurance
cust_lucas98_tx00301,acc_lucas98_current,2026-08-08,-13066,EUR,Colruyt,Betaling Bancontact,groceries
cust_lucas98_tx00302,acc_lucas98_current,2026-08-09,-2533,EUR,Bakkerij Moens,Betaling Bancontact,eating_out
cust_lucas98_tx00303,acc_lucas98_current,2026-08-10,41237,EUR,FONS,Groeipakket 08/2026 kind 1+2,income_child_benefit
cust_lucas98_tx00304,acc_lucas98_current,2026-08-12,-1853,EUR,Kruidvat,Betaling Bancontact,shopping_household
cust_lucas98_tx00305,acc_lucas98_current,2026-08-12,-16800,EUR,Engie,Voorschot energie,utilities_energy
cust_lucas98_tx00306,acc_lucas98_current,2026-08-13,-5779,EUR,Q8,Brandstof,transport_fuel
cust_lucas98_tx00307,acc_lucas98_current,2026-08-14,-6250,EUR,Bol.com,Online aankoop,shopping_online
cust_lucas98_tx00308,acc_lucas98_current,2026-08-14,-7400,EUR,IBO De Knikker,Naschoolse opvang kind 1 08/2026,childcare
cust_lucas98_tx00309,acc_lucas98_current,2026-08-14,-10600,EUR,IBO De Knikker,Naschoolse opvang kind 2 08/2026,childcare
cust_lucas98_tx00310,acc_lucas98_current,2026-08-15,-7499,EUR,Proximus,Internet + mobiel,utilities_telecom
cust_lucas98_tx00311,acc_lucas98_current,2026-08-15,-14695,EUR,Delhaize,Betaling Bancontact,groceries
cust_lucas98_tx00312,acc_lucas98_current,2026-08-18,-6922,EUR,Zeeman,Betaling Bancontact,shopping_clothing
cust_lucas98_tx00313,acc_lucas98_current,2026-08-19,-3506,EUR,HEMA,Betaling Bancontact,shopping_household
cust_lucas98_tx00314,acc_lucas98_current,2026-08-22,-13925,EUR,Colruyt,Betaling Bancontact,groceries
cust_lucas98_tx00315,acc_lucas98_current,2026-08-26,-2814,EUR,HEMA,Betaling Bancontact,shopping_household
cust_lucas98_tx00316,acc_lucas98_current,2026-08-28,307000,EUR,Noordzee Foods NV,Loon 2026-08,income_salary
cust_lucas98_tx00317,acc_lucas98_current,2026-08-28,-6737,EUR,Bol.com,Online aankoop,shopping_online
cust_lucas98_tx00318,acc_lucas98_current,2026-08-28,-110000,EUR,Lucas Lambrechts,Naar spaarrekening,transfer_internal
cust_lucas98_tx00319,acc_lucas98_savings,2026-08-28,110000,EUR,Lucas Lambrechts,Van zichtrekening,transfer_internal
cust_lucas98_tx00320,acc_lucas98_current,2026-08-29,-15711,EUR,Delhaize,Betaling Bancontact,groceries
cust_lucas98_tx00321,acc_lucas98_current,2026-09-01,-126500,EUR,E. Peeters,Huur,housing_rent
cust_lucas98_tx00322,acc_lucas98_current,2026-09-02,55000,EUR,K. Wouters,Bijdrage huishouden,income_transfer_household
cust_lucas98_tx00323,acc_lucas98_current,2026-09-02,-2406,EUR,HEMA,Betaling Bancontact,shopping_household
cust_lucas98_tx00324,acc_lucas98_current,2026-09-03,-4921,EUR,Q8,Brandstof,transport_fuel
cust_lucas98_tx00325,acc_lucas98_current,2026-09-03,-6699,EUR,Basisschool Sint-Jozef,Schoolrekening kind 1,education
cust_lucas98_tx00326,acc_lucas98_current,2026-09-04,-3708,EUR,Bol.com,Online aankoop,shopping_online
cust_lucas98_tx00327,acc_lucas98_current,2026-09-04,-6400,EUR,Sportclub,Lidgeld kind 1,kids_activities
cust_lucas98_tx00328,acc_lucas98_current,2026-09-04,-7994,EUR,Basisschool Sint-Jozef,Schoolrekening kind 2,education
cust_lucas98_tx00329,acc_lucas98_current,2026-09-05,-10949,EUR,Delhaize,Betaling Bancontact,groceries
cust_lucas98_tx00330,acc_lucas98_current,2026-09-06,-1399,EUR,Netflix,Netflix abonnement,subscription_streaming
cust_lucas98_tx00331,acc_lucas98_current,2026-09-06,-4364,EUR,Frituur 't Pleintje,Betaling Bancontact,eating_out
cust_lucas98_tx00332,acc_lucas98_current,2026-09-08,-9210,EUR,Synthetic Verzekeringen,Familiale + auto verzekering,insurance
cust_lucas98_tx00333,acc_lucas98_current,2026-09-09,-2160,EUR,Kruidvat,Betaling Bancontact,shopping_household
cust_lucas98_tx00334,acc_lucas98_current,2026-09-10,41237,EUR,FONS,Groeipakket 09/2026 kind 1+2,income_child_benefit
cust_lucas98_tx00335,acc_lucas98_current,2026-09-10,-4562,EUR,TotalEnergies,Brandstof,transport_fuel
cust_lucas98_tx00336,acc_lucas98_current,2026-09-12,-15921,EUR,Aldi,Betaling Bancontact,groceries
cust_lucas98_tx00337,acc_lucas98_current,2026-09-12,-16800,EUR,Engie,Voorschot energie,utilities_energy
cust_lucas98_tx00338,acc_lucas98_current,2026-09-14,-7400,EUR,IBO De Knikker,Naschoolse opvang kind 1 09/2026,childcare
cust_lucas98_tx00339,acc_lucas98_current,2026-09-14,-10600,EUR,IBO De Knikker,Naschoolse opvang kind 2 09/2026,childcare
cust_lucas98_tx00340,acc_lucas98_current,2026-09-15,-7499,EUR,Proximus,Internet + mobiel,utilities_telecom
cust_lucas98_tx00341,acc_lucas98_current,2026-09-18,-3152,EUR,Coolblue,Online aankoop,shopping_online
cust_lucas98_tx00342,acc_lucas98_current,2026-09-18,-7380,EUR,H&M,Betaling Bancontact,shopping_clothing
cust_lucas98_tx00343,acc_lucas98_current,2026-09-19,-10994,EUR,Colruyt,Betaling Bancontact,groceries
cust_lucas98_tx00344,acc_lucas98_current,2026-09-20,-4241,EUR,Bakkerij Moens,Betaling Bancontact,eating_out
cust_lucas98_tx00345,acc_lucas98_current,2026-09-20,-6120,EUR,De Watergroep,Water voorschot,utilities_water
cust_lucas98_tx00346,acc_lucas98_current,2026-09-23,-3377,EUR,HEMA,Betaling Bancontact,shopping_household
cust_lucas98_tx00347,acc_lucas98_current,2026-09-25,-7238,EUR,Bol.com,Online aankoop,shopping_online
cust_lucas98_tx00348,acc_lucas98_current,2026-09-26,-15115,EUR,Aldi,Betaling Bancontact,groceries
cust_lucas98_tx00349,acc_lucas98_current,2026-09-28,307000,EUR,Noordzee Foods NV,Loon 2026-09,income_salary
cust_lucas98_tx00350,acc_lucas98_current,2026-09-28,-80000,EUR,Lucas Lambrechts,Naar spaarrekening,transfer_internal
cust_lucas98_tx00351,acc_lucas98_savings,2026-09-28,80000,EUR,Lucas Lambrechts,Van zichtrekening,transfer_internal
